grp_CNN_Pipeline_loop_for_channel_pad_0_fu_688,loop_for_channel_pad_0,upc_loop_status1.csv
grp_CNN_Pipeline_VITIS_LOOP_13_1_loop_for_ap_0_fu_696,VITIS_LOOP_13_1_loop_for_ap_0,upc_loop_status2.csv
grp_CNN_Pipeline_loop_for_3_channel_pad_1_loop_for_channel_pad_1_fu_704,loop_for_3_channel_pad_1_loop_for_channel_pad_1,upc_loop_status3.csv
grp_CNN_Pipeline_VITIS_LOOP_39_1_loop_for_ap_1_fu_710,VITIS_LOOP_39_1_loop_for_ap_1,upc_loop_status4.csv
grp_CNN_Pipeline_loop_for_channel_pool_0_loop_for_weight_pool_0_fu_718,loop_for_channel_pool_0_loop_for_weight_pool_0,upc_loop_status5.csv
grp_CNN_Pipeline_loop_for_3_channel_pad_2_loop_for_channel_pad_2_fu_724,loop_for_3_channel_pad_2_loop_for_channel_pad_2,upc_loop_status6.csv
grp_CNN_Pipeline_VITIS_LOOP_65_1_loop_for_ap_2_fu_730,VITIS_LOOP_65_1_loop_for_ap_2,upc_loop_status7.csv
grp_CNN_Pipeline_loop_for_3_channel_pad_3_loop_for_channel_pad_3_fu_738,loop_for_3_channel_pad_3_loop_for_channel_pad_3,upc_loop_status8.csv
grp_CNN_Pipeline_VITIS_LOOP_91_1_loop_for_ap_3_fu_744,VITIS_LOOP_91_1_loop_for_ap_3,upc_loop_status9.csv
grp_CNN_Pipeline_loop_for_channel_pool_1_loop_for_weight_pool_1_fu_752,loop_for_channel_pool_1_loop_for_weight_pool_1,upc_loop_status10.csv
grp_CNN_Pipeline_loop_for_3_channel_pad_4_loop_for_channel_pad_4_fu_758,loop_for_3_channel_pad_4_loop_for_channel_pad_4,upc_loop_status11.csv
grp_CNN_Pipeline_VITIS_LOOP_117_1_loop_for_ap_4_fu_764,VITIS_LOOP_117_1_loop_for_ap_4,upc_loop_status12.csv
grp_CNN_Pipeline_loop_for_3_channel_pad_5_loop_for_channel_pad_5_fu_772,loop_for_3_channel_pad_5_loop_for_channel_pad_5,upc_loop_status13.csv
grp_CNN_Pipeline_VITIS_LOOP_143_1_loop_for_ap_5_loop_for_fc_5_loop_for_fa_5_fu_778,VITIS_LOOP_143_1_loop_for_ap_5_loop_for_fc_5_loop_for_fa_5,upc_loop_status14.csv
grp_CNN_Pipeline_loop_for_channel_pool_2_loop_for_weight_pool_2_fu_786,loop_for_channel_pool_2_loop_for_weight_pool_2,upc_loop_status15.csv
grp_CNN_Pipeline_loop_for_3_channel_pad_6_loop_for_channel_pad_6_fu_792,loop_for_3_channel_pad_6_loop_for_channel_pad_6,upc_loop_status16.csv
grp_CNN_Pipeline_VITIS_LOOP_169_1_loop_for_ap_6_loop_for_fc_6_loop_for_fa_6_fu_798,VITIS_LOOP_169_1_loop_for_ap_6_loop_for_fc_6_loop_for_fa_6,upc_loop_status17.csv
grp_CNN_Pipeline_loop_for_3_channel_pad_7_loop_for_channel_pad_7_fu_806,loop_for_3_channel_pad_7_loop_for_channel_pad_7,upc_loop_status18.csv
grp_CNN_Pipeline_VITIS_LOOP_195_1_loop_for_ap_7_loop_for_fc_7_loop_for_fa_7_fu_812,VITIS_LOOP_195_1_loop_for_ap_7_loop_for_fc_7_loop_for_fa_7,upc_loop_status19.csv
grp_CNN_Pipeline_loop_for_channel_pool_3_loop_for_weight_pool_3_fu_820,loop_for_channel_pool_3_loop_for_weight_pool_3,upc_loop_status20.csv
grp_CNN_Pipeline_loop_for_channel_gap_4_fu_826,loop_for_channel_gap_4,upc_loop_status21.csv
grp_CNN_Pipeline_loop_for_a_Dense_0_fu_832,loop_for_a_Dense_0,upc_loop_status22.csv
grp_CNN_Pipeline_loop_for_a_Dense_1_fu_873,loop_for_a_Dense_1,upc_loop_status23.csv
grp_CNN_Pipeline_loop_detect_fu_902,loop_detect,upc_loop_status24.csv
