,AESL_inst_CNN,,module_status1.csv
,grp_CNN_Pipeline_loop_for_channel_pad_0_fu_688,,module_status2.csv
,grp_CNN_Pipeline_VITIS_LOOP_13_1_loop_for_ap_0_fu_696,,module_status3.csv
,grp_CNN_Pipeline_loop_for_3_channel_pad_1_loop_for_channel_pad_1_fu_704,,module_status4.csv
,grp_CNN_Pipeline_VITIS_LOOP_39_1_loop_for_ap_1_fu_710,,module_status5.csv
,grp_CNN_Pipeline_loop_for_channel_pool_0_loop_for_weight_pool_0_fu_718,,module_status6.csv
,grp_CNN_Pipeline_loop_for_3_channel_pad_2_loop_for_channel_pad_2_fu_724,,module_status7.csv
,grp_CNN_Pipeline_VITIS_LOOP_65_1_loop_for_ap_2_fu_730,,module_status8.csv
,grp_CNN_Pipeline_loop_for_3_channel_pad_3_loop_for_channel_pad_3_fu_738,,module_status9.csv
,grp_CNN_Pipeline_VITIS_LOOP_91_1_loop_for_ap_3_fu_744,,module_status10.csv
,grp_CNN_Pipeline_loop_for_channel_pool_1_loop_for_weight_pool_1_fu_752,,module_status11.csv
,grp_CNN_Pipeline_loop_for_3_channel_pad_4_loop_for_channel_pad_4_fu_758,,module_status12.csv
,grp_CNN_Pipeline_VITIS_LOOP_117_1_loop_for_ap_4_fu_764,,module_status13.csv
,grp_CNN_Pipeline_loop_for_3_channel_pad_5_loop_for_channel_pad_5_fu_772,,module_status14.csv
,grp_CNN_Pipeline_VITIS_LOOP_143_1_loop_for_ap_5_loop_for_fc_5_loop_for_fa_5_fu_778,,module_status15.csv
,grp_CNN_Pipeline_loop_for_channel_pool_2_loop_for_weight_pool_2_fu_786,,module_status16.csv
,grp_CNN_Pipeline_loop_for_3_channel_pad_6_loop_for_channel_pad_6_fu_792,,module_status17.csv
,grp_CNN_Pipeline_VITIS_LOOP_169_1_loop_for_ap_6_loop_for_fc_6_loop_for_fa_6_fu_798,,module_status18.csv
,grp_CNN_Pipeline_loop_for_3_channel_pad_7_loop_for_channel_pad_7_fu_806,,module_status19.csv
,grp_CNN_Pipeline_VITIS_LOOP_195_1_loop_for_ap_7_loop_for_fc_7_loop_for_fa_7_fu_812,,module_status20.csv
,grp_CNN_Pipeline_loop_for_channel_pool_3_loop_for_weight_pool_3_fu_820,,module_status21.csv
,grp_CNN_Pipeline_loop_for_channel_gap_4_fu_826,,module_status22.csv
,grp_CNN_Pipeline_loop_for_a_Dense_0_fu_832,,module_status23.csv
,grp_CNN_Pipeline_loop_for_a_Dense_1_fu_873,,module_status24.csv
,grp_CNN_Pipeline_loop_detect_fu_902,,module_status25.csv
